num_procs,matrix,rows,cols,nnz,density_pct,config_name,avg_time_ms,std_dev_ms,min_time_ms,max_time_ms,comm_time_ms,compute_time_ms,speedup,efficiency_pct,iterations,notes
2,916k_0p0006.mtx,916428,916428,5105039,0.0006,Pipelined_Chunked,702.0224,18.6926,701.9863,754.1518,591.8904,25.6234,1.0000,50.00,10,""
2,916k_0p0006.mtx,916428,916428,5105039,0.0006,Pipelined_Chunked,727.9992,7.6605,714.0000,743.1598,597.6402,23.6268,1.0000,50.00,10,""
4,916k_0p0006.mtx,916428,916428,5105039,0.0006,Pipelined_Chunked,1158.4902,86.9101,1056.0243,1320.0357,1045.2930,28.2519,1.0000,25.00,10,""
8,916k_0p0006.mtx,916428,916428,5105039,0.0006,Pipelined_Chunked,2459.7877,116.1835,2200.1657,2552.4697,2266.5009,5.9998,1.0000,12.50,10,""
16,916k_0p0006.mtx,916428,916428,5105039,0.0006,Pipelined_Chunked,9334.5034,221.6262,9149.6606,9688.8287,9337.5759,3.1752,1.0000,6.25,10,""
32,916k_0p0006.mtx,916428,916428,5105039,0.0006,Pipelined_Chunked,12911.9880,1323.8177,10383.9979,14620.9991,12556.8121,2.0317,1.0000,3.12,10,""
64,916k_0p0006.mtx,916428,916428,5105039,0.0006,Pipelined_Chunked,27361.9330,1099.4117,26500.9973,30300.9737,26989.8484,545.1453,1.0000,1.56,10,""
128,916k_0p0006.mtx,916428,916428,5105039,0.0006,Pipelined_Chunked,56981.1722,1360.3030,55031.0142,59552.9709,56684.4947,388.5582,1.0000,0.78,10,""
2,1508k_0p0012.mtx,1508065,1508065,27090195,0.0012,Pipelined_Chunked,1065.5938,13.5239,1064.4052,1098.4032,776.8909,28.3845,1.0000,50.00,10,""
4,1508k_0p0012.mtx,1508065,1508065,27090195,0.0012,Pipelined_Chunked,1230.6939,102.4626,1056.0195,1363.9615,936.8821,18.6458,1.0000,25.00,10,""
8,1508k_0p0012.mtx,1508065,1508065,27090195,0.0012,Pipelined_Chunked,1582.5459,100.1323,1490.8507,1754.0078,1329.1250,4.7551,1.0000,12.50,10,""
16,1508k_0p0012.mtx,1508065,1508065,27090195,0.0012,Pipelined_Chunked,2464.9839,160.2862,2284.5483,2725.1706,2285.8563,2.1601,1.0000,6.25,10,""
32,1508k_0p0012.mtx,1508065,1508065,27090195,0.0012,Pipelined_Chunked,2112.0249,141.3446,1930.9554,2319.7961,2069.7042,1.1856,1.0000,3.12,10,""
64,1508k_0p0012.mtx,1508065,1508065,27090195,0.0012,Pipelined_Chunked,1716.8779,206.0676,1581.9950,2302.4130,1642.3969,0.6178,1.0000,1.56,10,""
128,1508k_0p0012.mtx,1508065,1508065,27090195,0.0012,Pipelined_Chunked,1930.4191,211.9748,1688.1402,2481.6489,1769.9350,0.3422,1.0000,0.78,10,""
2,2097k_0p0001.mtx,2097152,2097152,6291408,0.0001,Pipelined_Chunked,1405.9590,26.4581,1385.0007,1481.1592,1292.4091,23.4073,1.0000,50.00,10,""
4,2097k_0p0001.mtx,2097152,2097152,6291408,0.0001,Pipelined_Chunked,2569.5066,189.4779,2375.0269,2943.9731,2579.0019,2.9136,1.0000,25.00,10,""
8,2097k_0p0001.mtx,2097152,2097152,6291408,0.0001,Pipelined_Chunked,3436.0259,231.7339,2988.1146,3704.8731,3365.9971,1.2106,1.0000,12.50,10,""
16,2097k_0p0001.mtx,2097152,2097152,6291408,0.0001,Pipelined_Chunked,4137.4986,241.0065,3857.3377,4554.4877,4187.0846,0.2566,1.0000,6.25,10,""
32,2097k_0p0001.mtx,2097152,2097152,6291408,0.0001,Pipelined_Chunked,4043.8648,242.2446,3680.9788,4432.5228,3993.6404,0.1134,1.0000,3.12,10,""
64,2097k_0p0001.mtx,2097152,2097152,6291408,0.0001,Pipelined_Chunked,3164.4977,230.4246,2999.9859,3848.9599,3181.8393,0.0508,1.0000,1.56,10,""
128,2097k_0p0001.mtx,2097152,2097152,6291408,0.0001,Pipelined_Chunked,1758.4920,512.8354,1577.9963,3340.9781,1809.5980,1.7776,1.0000,0.78,10,""
2,1438k_0p0016.mtx,1437960,1437960,32297325,0.0016,Pipelined_Chunked,1091.0002,10.4041,1086.0004,1117.3325,749.1830,28.5862,1.0000,50.00,10,""
4,1438k_0p0016.mtx,1437960,1437960,32297325,0.0016,Pipelined_Chunked,1429.9922,146.3136,1228.0118,1645.3838,1087.3149,27.2293,1.0000,25.00,10,""
8,1438k_0p0016.mtx,1437960,1437960,32297325,0.0016,Pipelined_Chunked,1670.1956,180.2134,1408.1435,2027.9243,1337.8590,12.7749,1.0000,12.50,10,""
16,1438k_0p0016.mtx,1437960,1437960,32297325,0.0016,Pipelined_Chunked,2637.5611,191.9969,2285.6295,2977.9620,2308.8729,2.4644,1.0000,6.25,10,""
32,1438k_0p0016.mtx,1437960,1437960,32297325,0.0016,Pipelined_Chunked,2276.5080,173.3001,2109.2243,2673.0082,2058.9747,1.2739,1.0000,3.12,10,""
64,1438k_0p0016.mtx,1437960,1437960,32297325,0.0016,Pipelined_Chunked,1765.9912,203.9885,1583.9965,2312.6717,1756.6075,0.6747,1.0000,1.56,10,""
128,1438k_0p0016.mtx,1437960,1437960,32297325,0.0016,Pipelined_Chunked,1854.7372,366.8144,1751.6809,2928.3938,1840.4053,0.3634,1.0000,0.78,10,""
2,1565k_0p0024.mtx,1564794,1564794,59485419,0.0024,Pipelined_Chunked,1430.0010,13.4981,1412.9970,1456.3620,831.9656,46.3500,1.0000,50.00,10,""
4,1565k_0p0024.mtx,1564794,1564794,59485419,0.0024,Pipelined_Chunked,1670.1312,68.5864,1493.9902,1757.9942,1049.8360,42.9971,1.0000,25.00,10,""
8,1565k_0p0024.mtx,1564794,1564794,59485419,0.0024,Pipelined_Chunked,1945.4722,247.8277,1760.0949,2558.8691,1435.8988,6.1403,1.0000,12.50,10,""
16,1565k_0p0024.mtx,1564794,1564794,59485419,0.0024,Pipelined_Chunked,2813.4190,368.9092,2369.1308,3870.2765,2295.6316,3.1745,1.0000,6.25,10,""
32,1565k_0p0024.mtx,1564794,1564794,59485419,0.0024,Pipelined_Chunked,2118.1972,129.0407,1933.9695,2326.0050,1808.7346,1.7663,1.0000,3.12,10,""
64,1565k_0p0024.mtx,1564794,1564794,59485419,0.0024,Pipelined_Chunked,1765.0000,177.9356,1739.8782,2326.8282,1613.1513,0.8402,1.0000,1.56,10,""
128,1565k_0p0024.mtx,1564794,1564794,59485419,0.0024,Pipelined_Chunked,1935.3768,193.2408,1757.4522,2277.7603,1939.6951,0.4327,1.0000,0.78,10,""
