Matrix,Threads,Config,Optimization,Time_ms,Speedup_vs_Serial,Speedup_vs_Phase1,Improvement_Percent
10k_1p5.mtx,2,RegBlock-4 + Baseline,Baseline,0.4257,263.0,46.93,+46.93
10k_1p5.mtx,2,RegBlock-8 + Baseline,Baseline,0.4377,255.8,45.45,+45.45
10k_1p5.mtx,2,Prefetch-8 + Baseline,Baseline,0.8637,129.6,-7.66,-7.66
10k_1p5.mtx,2,Prefetch-16 + Baseline,Baseline,0.8450,132.5,-5.33,-5.33
10k_1p5.mtx,2,RegBlock4 + Prefetch8,Combined,0.4795,233.5,40.23,+40.23
10k_1p5.mtx,2,RegBlock4 + Prefetch16,Combined,0.4743,236.1,40.87,+40.87
10k_1p5.mtx,2,RegBlock8 + Prefetch8,Combined,0.4551,246.0,43.27,+43.27
10k_1p5.mtx,4,RegBlock-4 + Baseline,Baseline,0.2147,520.3,45.90,+45.90
10k_1p5.mtx,4,RegBlock-8 + Baseline,Baseline,0.2186,511.1,44.93,+44.93
10k_1p5.mtx,4,Prefetch-8 + Baseline,Baseline,0.4284,260.8,-7.93,-7.93
10k_1p5.mtx,4,Prefetch-16 + Baseline,Baseline,0.4184,267.0,-5.41,-5.41
10k_1p5.mtx,4,RegBlock4 + Prefetch8,Combined,0.2398,465.8,39.58,+39.58
10k_1p5.mtx,4,RegBlock4 + Prefetch16,Combined,0.2353,474.7,40.71,+40.71
10k_1p5.mtx,4,RegBlock8 + Prefetch8,Combined,0.2283,489.4,42.49,+42.49
10k_1p5.mtx,8,RegBlock-4 + Baseline,Baseline,0.1097,1091.7,45.67,+45.67
10k_1p5.mtx,8,RegBlock-8 + Baseline,Baseline,0.1115,1073.8,44.77,+44.77
10k_1p5.mtx,8,Prefetch-8 + Baseline,Baseline,0.2175,550.6,-7.72,-7.72
10k_1p5.mtx,8,Prefetch-16 + Baseline,Baseline,0.2137,560.3,-5.86,-5.86
10k_1p5.mtx,8,RegBlock4 + Prefetch8,Combined,0.1227,976.1,39.24,+39.24
10k_1p5.mtx,8,RegBlock4 + Prefetch16,Combined,0.1204,994.9,40.39,+40.39
10k_1p5.mtx,8,RegBlock8 + Prefetch8,Combined,0.1168,1025.6,42.17,+42.17
10k_1p5.mtx,16,RegBlock-4 + Baseline,Baseline,0.0568,2061.7,47.37,+47.37
10k_1p5.mtx,16,RegBlock-8 + Baseline,Baseline,0.0579,2022.7,46.35,+46.35
10k_1p5.mtx,16,Prefetch-8 + Baseline,Baseline,0.1154,1014.5,-6.97,-6.97
10k_1p5.mtx,16,Prefetch-16 + Baseline,Baseline,0.1135,1030.7,-5.29,-5.29
10k_1p5.mtx,16,RegBlock4 + Prefetch8,Combined,0.0652,1796.0,39.58,+39.58
10k_1p5.mtx,16,RegBlock4 + Prefetch16,Combined,0.0645,1814.0,40.18,+40.18
10k_1p5.mtx,16,RegBlock8 + Prefetch8,Combined,0.0625,1872.5,42.05,+42.05
10k_1p5.mtx,24,RegBlock-4 + Baseline,Baseline,0.0462,2422.4,44.30,+44.30
10k_1p5.mtx,24,RegBlock-8 + Baseline,Baseline,0.0475,2355.0,42.71,+42.71
10k_1p5.mtx,24,Prefetch-8 + Baseline,Baseline,0.0873,1281.9,-5.25,-5.25
10k_1p5.mtx,24,Prefetch-16 + Baseline,Baseline,0.1098,1019.0,-32.40,-32.40
10k_1p5.mtx,24,RegBlock4 + Prefetch8,Combined,0.0544,2055.5,34.36,+34.36
10k_1p5.mtx,24,RegBlock4 + Prefetch16,Combined,0.0712,1570.4,14.09,+14.09
10k_1p5.mtx,24,RegBlock8 + Prefetch8,Combined,0.0519,2155.0,37.40,+37.40
11k_0p35.mtx,2,RegBlock-4 + Baseline,Baseline,0.1487,1002.8,31.37,+31.37
11k_0p35.mtx,2,RegBlock-8 + Baseline,Baseline,0.1671,892.5,22.89,+22.89
11k_0p35.mtx,2,Prefetch-8 + Baseline,Baseline,0.2648,563.2,-22.20,-22.20
11k_0p35.mtx,2,Prefetch-16 + Baseline,Baseline,0.2572,579.8,-18.69,-18.69
11k_0p35.mtx,2,RegBlock4 + Prefetch8,Combined,0.1721,866.5,20.57,+20.57
11k_0p35.mtx,2,RegBlock4 + Prefetch16,Combined,0.1654,901.6,23.67,+23.67
11k_0p35.mtx,2,RegBlock8 + Prefetch8,Combined,0.1731,861.5,20.12,+20.12
11k_0p35.mtx,4,RegBlock-4 + Baseline,Baseline,0.0788,1977.3,30.98,+30.98
11k_0p35.mtx,4,RegBlock-8 + Baseline,Baseline,0.0859,1813.0,24.73,+24.73
11k_0p35.mtx,4,Prefetch-8 + Baseline,Baseline,0.1364,1141.6,-19.54,-19.54
11k_0p35.mtx,4,Prefetch-16 + Baseline,Baseline,0.1327,1174.0,-16.24,-16.24
11k_0p35.mtx,4,RegBlock4 + Prefetch8,Combined,0.0890,1750.2,22.03,+22.03
11k_0p35.mtx,4,RegBlock4 + Prefetch16,Combined,0.0865,1800.0,24.18,+24.18
11k_0p35.mtx,4,RegBlock8 + Prefetch8,Combined,0.0893,1743.4,21.72,+21.72
11k_0p35.mtx,8,RegBlock-4 + Baseline,Baseline,0.0559,2673.9,23.26,+23.26
11k_0p35.mtx,8,RegBlock-8 + Baseline,Baseline,0.0605,2470.3,16.94,+16.94
11k_0p35.mtx,8,Prefetch-8 + Baseline,Baseline,0.0927,1613.1,-27.20,-27.20
11k_0p35.mtx,8,Prefetch-16 + Baseline,Baseline,0.0891,1678.4,-22.26,-22.26
11k_0p35.mtx,8,RegBlock4 + Prefetch8,Combined,0.0646,2314.1,11.33,+11.33
11k_0p35.mtx,8,RegBlock4 + Prefetch16,Combined,0.0614,2436.0,15.77,+15.77
11k_0p35.mtx,8,RegBlock8 + Prefetch8,Combined,0.0648,2308.1,11.10,+11.10
11k_0p35.mtx,16,RegBlock-4 + Baseline,Baseline,0.0340,4566.1,19.39,+19.39
11k_0p35.mtx,16,Prefetch-8 + Baseline,Baseline,0.0566,2737.3,-34.46,-34.46
11k_0p35.mtx,16,Prefetch-16 + Baseline,Baseline,0.0545,2846.9,-29.28,-29.28
11k_0p35.mtx,16,RegBlock8 + Prefetch8,Combined,0.0454,3416.2,-7.74,-7.74
11k_0p35.mtx,24,RegBlock-8 + Baseline,Baseline,0.0290,5138.2,11.87,+11.87
11k_0p35.mtx,24,Prefetch-8 + Baseline,Baseline,0.0380,3916.9,-15.61,-15.61
11k_0p35.mtx,24,Prefetch-16 + Baseline,Baseline,0.0363,4099.8,-10.45,-10.45
11k_0p35.mtx,24,RegBlock4 + Prefetch8,Combined,0.0292,5104.7,11.29,+11.29
11k_0p35.mtx,24,RegBlock4 + Prefetch16,Combined,0.0288,5172.4,12.45,+12.45
11k_0p38.mtx,2,RegBlock-4 + Baseline,Baseline,0.1375,1016.6,39.06,+39.06
11k_0p38.mtx,2,RegBlock-8 + Baseline,Baseline,0.1417,985.8,37.15,+37.15
11k_0p38.mtx,2,Prefetch-8 + Baseline,Baseline,0.2580,541.6,-14.40,-14.40
11k_0p38.mtx,2,Prefetch-16 + Baseline,Baseline,0.2549,548.2,-13.00,-13.00
11k_0p38.mtx,2,RegBlock4 + Prefetch8,Combined,0.1542,906.0,31.62,+31.62
11k_0p38.mtx,2,RegBlock4 + Prefetch16,Combined,0.1514,922.6,32.85,+32.85
11k_0p38.mtx,2,RegBlock8 + Prefetch8,Combined,0.1500,931.7,33.51,+33.51
11k_0p38.mtx,4,RegBlock-4 + Baseline,Baseline,0.0715,2042.0,42.03,+42.03
11k_0p38.mtx,4,RegBlock-8 + Baseline,Baseline,0.0735,1987.2,40.43,+40.43
11k_0p38.mtx,4,Prefetch-8 + Baseline,Baseline,0.1358,1075.7,-10.05,-10.05
11k_0p38.mtx,4,Prefetch-16 + Baseline,Baseline,0.1336,1093.6,-8.25,-8.25
11k_0p38.mtx,4,RegBlock4 + Prefetch8,Combined,0.0810,1804.4,34.39,+34.39
11k_0p38.mtx,4,RegBlock4 + Prefetch16,Combined,0.0794,1840.2,35.67,+35.67
11k_0p38.mtx,4,RegBlock8 + Prefetch8,Combined,0.0791,1846.4,35.88,+35.88
11k_0p38.mtx,8,RegBlock-4 + Baseline,Baseline,0.0424,3304.4,37.78,+37.78
11k_0p38.mtx,8,RegBlock-8 + Baseline,Baseline,0.0447,3136.3,34.45,+34.45
11k_0p38.mtx,8,Prefetch-8 + Baseline,Baseline,0.0737,1902.3,-8.08,-8.08
11k_0p38.mtx,8,Prefetch-16 + Baseline,Baseline,0.0731,1918.5,-7.17,-7.17
11k_0p38.mtx,8,RegBlock4 + Prefetch8,Combined,0.0471,2976.3,30.92,+30.92
11k_0p38.mtx,8,RegBlock4 + Prefetch16,Combined,0.0463,3029.3,32.13,+32.13
11k_0p38.mtx,8,RegBlock8 + Prefetch8,Combined,0.0464,3024.2,32.02,+32.02
11k_0p38.mtx,16,RegBlock-4 + Baseline,Baseline,0.0284,5155.1,30.28,+30.28
11k_0p38.mtx,16,RegBlock-8 + Baseline,Baseline,0.0320,4576.0,21.46,+21.46
11k_0p38.mtx,16,Prefetch-8 + Baseline,Baseline,0.0442,3312.4,-8.51,-8.51
11k_0p38.mtx,16,Prefetch-16 + Baseline,Baseline,0.0434,3368.7,-6.69,-6.69
11k_0p38.mtx,16,RegBlock4 + Prefetch8,Combined,0.0303,4829.8,25.58,+25.58
11k_0p38.mtx,16,RegBlock4 + Prefetch16,Combined,0.0299,4901.2,26.67,+26.67
11k_0p38.mtx,16,RegBlock8 + Prefetch8,Combined,0.0301,4853.8,25.95,+25.95
11k_0p38.mtx,24,RegBlock-4 + Baseline,Baseline,0.0289,4841.4,14.74,+14.74
11k_0p38.mtx,24,RegBlock-8 + Baseline,Baseline,0.0252,5561.9,25.78,+25.78
11k_0p38.mtx,24,Prefetch-8 + Baseline,Baseline,0.0356,3932.7,-4.96,-4.96
11k_0p38.mtx,24,Prefetch-16 + Baseline,Baseline,0.0355,3950.0,-4.50,-4.50
11k_0p38.mtx,24,RegBlock4 + Prefetch8,Combined,0.0256,5480.6,24.68,+24.68
11k_0p38.mtx,24,RegBlock4 + Prefetch16,Combined,0.0251,5579.1,26.01,+26.01
11k_0p38.mtx,24,RegBlock8 + Prefetch8,Combined,0.0249,5637.8,26.78,+26.78
15k_0p41.mtx,2,RegBlock-4 + Baseline,Baseline,0.6124,483.8,44.97,+44.97
15k_0p41.mtx,2,RegBlock-8 + Baseline,Baseline,0.6225,476.0,44.06,+44.06
15k_0p41.mtx,2,Prefetch-8 + Baseline,Baseline,1.2094,245.0,-8.68,-8.68
15k_0p41.mtx,2,Prefetch-16 + Baseline,Baseline,1.1835,250.4,-6.35,-6.35
15k_0p41.mtx,2,RegBlock4 + Prefetch8,Combined,0.6844,433.0,38.50,+38.50
15k_0p41.mtx,2,RegBlock4 + Prefetch16,Combined,0.6749,439.0,39.35,+39.35
15k_0p41.mtx,2,RegBlock8 + Prefetch8,Combined,0.6508,455.3,41.51,+41.51
15k_0p41.mtx,4,RegBlock-4 + Baseline,Baseline,0.3099,960.6,44.56,+44.56
15k_0p41.mtx,4,RegBlock-8 + Baseline,Baseline,0.3148,945.6,43.68,+43.68
15k_0p41.mtx,4,Prefetch-8 + Baseline,Baseline,0.6052,491.8,-8.29,-8.29
15k_0p41.mtx,4,Prefetch-16 + Baseline,Baseline,0.5919,502.9,-5.91,-5.91
15k_0p41.mtx,4,RegBlock4 + Prefetch8,Combined,0.3424,869.4,38.74,+38.74
15k_0p41.mtx,4,RegBlock4 + Prefetch16,Combined,0.3389,878.3,39.36,+39.36
15k_0p41.mtx,4,RegBlock8 + Prefetch8,Combined,0.3244,917.6,41.96,+41.96
15k_0p41.mtx,8,RegBlock-4 + Baseline,Baseline,0.1614,1851.7,44.31,+44.31
15k_0p41.mtx,8,RegBlock-8 + Baseline,Baseline,0.1646,1814.9,43.18,+43.18
15k_0p41.mtx,8,Prefetch-8 + Baseline,Baseline,0.3128,955.2,-7.96,-7.96
15k_0p41.mtx,8,Prefetch-16 + Baseline,Baseline,0.3067,974.2,-5.85,-5.85
15k_0p41.mtx,8,RegBlock4 + Prefetch8,Combined,0.1781,1677.3,38.52,+38.52
15k_0p41.mtx,8,RegBlock4 + Prefetch16,Combined,0.1768,1690.2,38.99,+38.99
15k_0p41.mtx,8,RegBlock8 + Prefetch8,Combined,0.1706,1751.1,41.11,+41.11
15k_0p41.mtx,16,RegBlock-4 + Baseline,Baseline,0.0817,3653.6,46.17,+46.17
15k_0p41.mtx,16,RegBlock-8 + Baseline,Baseline,0.0834,3579.9,45.06,+45.06
15k_0p41.mtx,16,Prefetch-8 + Baseline,Baseline,0.1626,1836.0,-7.12,-7.12
15k_0p41.mtx,16,Prefetch-16 + Baseline,Baseline,0.1594,1873.2,-5.00,-5.00
15k_0p41.mtx,16,RegBlock4 + Prefetch8,Combined,0.0927,3221.9,38.96,+38.96
15k_0p41.mtx,16,RegBlock4 + Prefetch16,Combined,0.0914,3266.8,39.80,+39.80
15k_0p41.mtx,16,RegBlock8 + Prefetch8,Combined,0.0885,3374.8,41.72,+41.72
15k_0p41.mtx,24,RegBlock-4 + Baseline,Baseline,0.0611,4881.1,47.45,+47.45
15k_0p41.mtx,24,RegBlock-8 + Baseline,Baseline,0.0617,4832.3,46.92,+46.92
15k_0p41.mtx,24,Prefetch-8 + Baseline,Baseline,0.1227,2431.0,-5.50,-5.50
15k_0p41.mtx,24,Prefetch-16 + Baseline,Baseline,0.1200,2486.4,-3.15,-3.15
15k_0p41.mtx,24,RegBlock4 + Prefetch8,Combined,0.0688,4333.6,40.82,+40.82
15k_0p41.mtx,24,RegBlock4 + Prefetch16,Combined,0.0704,4240.7,39.52,+39.52
15k_0p41.mtx,24,RegBlock8 + Prefetch8,Combined,0.0659,4528.7,43.36,+43.36
20k_0p38.mtx,2,RegBlock-4 + Baseline,Baseline,0.5748,903.4,42.50,+42.50
20k_0p38.mtx,2,RegBlock-8 + Baseline,Baseline,0.6135,846.6,38.64,+38.64
20k_0p38.mtx,2,Prefetch-8 + Baseline,Baseline,1.1190,464.1,-11.93,-11.93
20k_0p38.mtx,2,Prefetch-16 + Baseline,Baseline,1.0933,475.0,-9.36,-9.36
20k_0p38.mtx,2,RegBlock4 + Prefetch8,Combined,0.6456,804.4,35.42,+35.42
20k_0p38.mtx,2,RegBlock4 + Prefetch16,Combined,0.6379,814.1,36.19,+36.19
20k_0p38.mtx,2,RegBlock8 + Prefetch8,Combined,0.6445,805.8,35.53,+35.53
20k_0p38.mtx,4,RegBlock-4 + Baseline,Baseline,0.3617,1464.1,44.93,+44.93
20k_0p38.mtx,4,RegBlock-8 + Baseline,Baseline,0.3812,1389.4,41.97,+41.97
20k_0p38.mtx,4,Prefetch-8 + Baseline,Baseline,0.7171,738.6,-9.16,-9.16
20k_0p38.mtx,4,Prefetch-16 + Baseline,Baseline,0.7025,753.9,-6.94,-6.94
20k_0p38.mtx,4,RegBlock4 + Prefetch8,Combined,0.4067,1302.1,38.08,+38.08
20k_0p38.mtx,4,RegBlock4 + Prefetch16,Combined,0.4017,1318.4,38.85,+38.85
20k_0p38.mtx,4,RegBlock8 + Prefetch8,Combined,0.3976,1332.1,39.48,+39.48
20k_0p38.mtx,8,RegBlock-4 + Baseline,Baseline,0.2556,2063.5,47.27,+47.27
20k_0p38.mtx,8,RegBlock-8 + Baseline,Baseline,0.2679,1968.7,44.73,+44.73
20k_0p38.mtx,8,Prefetch-8 + Baseline,Baseline,0.5164,1021.2,-6.54,-6.54
20k_0p38.mtx,8,Prefetch-16 + Baseline,Baseline,0.5089,1036.3,-4.99,-4.99
20k_0p38.mtx,8,RegBlock4 + Prefetch8,Combined,0.2891,1824.4,40.36,+40.36
20k_0p38.mtx,8,RegBlock4 + Prefetch16,Combined,0.2858,1845.5,41.05,+41.05
20k_0p38.mtx,8,RegBlock8 + Prefetch8,Combined,0.2797,1885.5,42.30,+42.30
20k_0p38.mtx,16,RegBlock-4 + Baseline,Baseline,0.1978,2670.1,50.64,+50.64
20k_0p38.mtx,16,RegBlock-8 + Baseline,Baseline,0.2034,2596.0,49.23,+49.23
20k_0p38.mtx,16,Prefetch-8 + Baseline,Baseline,0.4171,1266.2,-4.08,-4.08
20k_0p38.mtx,16,Prefetch-16 + Baseline,Baseline,0.4124,1280.6,-2.92,-2.92
20k_0p38.mtx,16,RegBlock4 + Prefetch8,Combined,0.2291,2305.8,42.84,+42.84
20k_0p38.mtx,16,RegBlock4 + Prefetch16,Combined,0.2269,2327.5,43.38,+43.38
20k_0p38.mtx,16,RegBlock8 + Prefetch8,Combined,0.2178,2424.7,45.65,+45.65
20k_0p38.mtx,24,RegBlock-4 + Baseline,Baseline,0.1875,2769.6,49.82,+49.82
20k_0p38.mtx,24,RegBlock-8 + Baseline,Baseline,0.1939,2679.2,48.12,+48.12
20k_0p38.mtx,24,Prefetch-8 + Baseline,Baseline,0.3849,1349.2,-3.01,-3.01
20k_0p38.mtx,24,Prefetch-16 + Baseline,Baseline,0.3806,1364.7,-1.85,-1.85
20k_0p38.mtx,24,RegBlock4 + Prefetch8,Combined,0.2132,2436.4,42.95,+42.95
20k_0p38.mtx,24,RegBlock4 + Prefetch16,Combined,0.2102,2470.4,43.74,+43.74
20k_0p38.mtx,24,RegBlock8 + Prefetch8,Combined,0.2013,2580.0,46.13,+46.13
25k_0p03.mtx,2,RegBlock-8 + Baseline,Baseline,0.1115,7137.4,-4.59,-4.59
25k_0p03.mtx,2,RegBlock8 + Prefetch8,Combined,0.1120,7106.4,-5.04,-5.04
25k_0p03.mtx,4,RegBlock-4 + Baseline,Baseline,0.0558,14064.3,19.42,+19.42
25k_0p03.mtx,4,Prefetch-8 + Baseline,Baseline,0.0598,13134.7,13.72,+13.72
25k_0p03.mtx,4,Prefetch-16 + Baseline,Baseline,0.0558,14076.1,19.49,+19.49
25k_0p03.mtx,4,RegBlock4 + Prefetch8,Combined,0.0572,13735.3,17.49,+17.49
25k_0p03.mtx,4,RegBlock4 + Prefetch16,Combined,0.0579,13565.4,16.46,+16.46
25k_0p03.mtx,4,RegBlock8 + Prefetch8,Combined,0.0619,12684.4,10.66,+10.66
25k_0p03.mtx,8,Prefetch-16 + Baseline,Baseline,0.0406,19381.0,10.25,+10.25
25k_0p03.mtx,16,RegBlock-8 + Baseline,Baseline,0.0333,23886.7,-0.64,-0.64
25k_0p03.mtx,16,Prefetch-8 + Baseline,Baseline,0.0273,29137.8,17.50,+17.50
25k_0p03.mtx,16,Prefetch-16 + Baseline,Baseline,0.0258,30813.1,21.98,+21.98
25k_0p03.mtx,16,RegBlock4 + Prefetch8,Combined,0.0273,29110.7,17.42,+17.42
25k_0p03.mtx,16,RegBlock4 + Prefetch16,Combined,0.0261,30519.8,21.23,+21.23
25k_0p03.mtx,16,RegBlock8 + Prefetch8,Combined,0.0270,29448.0,18.37,+18.37
25k_0p03.mtx,24,RegBlock4 + Prefetch16,Combined,0.0227,34626.4,11.06,+11.06
25k_0p03.mtx,24,RegBlock8 + Prefetch8,Combined,0.0228,34404.9,10.49,+10.49
2k_0p22.mtx,2,RegBlock-8 + Baseline,Baseline,0.0071,452.3,-13.87,-13.87
2k_0p22.mtx,2,Prefetch-8 + Baseline,Baseline,0.0090,353.9,-45.54,-45.54
2k_0p22.mtx,2,Prefetch-16 + Baseline,Baseline,0.0100,318.8,-61.58,-61.58
2k_0p22.mtx,2,RegBlock4 + Prefetch16,Combined,0.0063,509.4,-1.11,-1.11
2k_0p22.mtx,2,RegBlock8 + Prefetch8,Combined,0.0080,401.7,-28.21,-28.21
2k_0p22.mtx,4,RegBlock-8 + Baseline,Baseline,0.0162,197.4,-9.96,-9.96
2k_0p22.mtx,4,Prefetch-8 + Baseline,Baseline,0.0178,179.3,-21.00,-21.00
2k_0p22.mtx,4,Prefetch-16 + Baseline,Baseline,0.0180,177.5,-22.28,-22.28
2k_0p22.mtx,4,RegBlock4 + Prefetch8,Combined,0.0158,202.1,-7.38,-7.38
2k_0p22.mtx,4,RegBlock8 + Prefetch8,Combined,0.0154,208.1,-4.29,-4.29
2k_0p22.mtx,8,RegBlock-4 + Baseline,Baseline,0.0188,170.0,-8.26,-8.26
2k_0p22.mtx,8,RegBlock-8 + Baseline,Baseline,0.0199,160.5,-14.66,-14.66
2k_0p22.mtx,8,Prefetch-8 + Baseline,Baseline,0.0189,169.4,-8.65,-8.65
2k_0p22.mtx,8,Prefetch-16 + Baseline,Baseline,0.0187,171.0,-7.61,-7.61
2k_0p22.mtx,8,RegBlock4 + Prefetch8,Combined,0.0176,182.1,-1.06,-1.06
2k_0p22.mtx,8,RegBlock8 + Prefetch8,Combined,0.0177,180.4,-1.98,-1.98
2k_0p22.mtx,16,Prefetch-16 + Baseline,Baseline,0.0169,188.6,-0.89,-0.89
2k_0p22.mtx,16,RegBlock4 + Prefetch8,Combined,0.0173,184.4,-3.17,-3.17
2k_0p22.mtx,16,RegBlock8 + Prefetch8,Combined,0.0175,182.3,-4.35,-4.35
2k_0p22.mtx,24,Prefetch-8 + Baseline,Baseline,0.0162,197.9,-1.80,-1.80
2k_0p22.mtx,24,Prefetch-16 + Baseline,Baseline,0.0165,193.3,-4.18,-4.18
2k_0p22.mtx,24,RegBlock4 + Prefetch8,Combined,0.0173,184.9,-8.96,-8.96
2k_0p22.mtx,24,RegBlock4 + Prefetch16,Combined,0.0166,192.9,-4.42,-4.42
2k_0p22.mtx,24,RegBlock8 + Prefetch8,Combined,0.0164,194.5,-3.54,-3.54
2k_0p52.mtx,2,RegBlock-4 + Baseline,Baseline,0.0099,494.1,24.66,+24.66
2k_0p52.mtx,2,RegBlock-8 + Baseline,Baseline,0.0109,448.0,16.90,+16.90
2k_0p52.mtx,2,Prefetch-8 + Baseline,Baseline,0.0154,316.8,-17.51,-17.51
2k_0p52.mtx,2,Prefetch-16 + Baseline,Baseline,0.0149,327.2,-13.78,-13.78
2k_0p52.mtx,2,RegBlock4 + Prefetch8,Combined,0.0109,445.8,16.49,+16.49
2k_0p52.mtx,2,RegBlock4 + Prefetch16,Combined,0.0106,459.1,18.91,+18.91
2k_0p52.mtx,2,RegBlock8 + Prefetch8,Combined,0.0111,438.6,15.12,+15.12
2k_0p52.mtx,4,RegBlock-4 + Baseline,Baseline,0.0084,580.5,25.71,+25.71
2k_0p52.mtx,4,RegBlock-8 + Baseline,Baseline,0.0089,546.1,21.04,+21.04
2k_0p52.mtx,4,RegBlock4 + Prefetch8,Combined,0.0089,550.3,21.63,+21.63
2k_0p52.mtx,4,RegBlock4 + Prefetch16,Combined,0.0088,555.2,22.33,+22.33
2k_0p52.mtx,4,RegBlock8 + Prefetch8,Combined,0.0092,529.3,18.52,+18.52
2k_0p52.mtx,8,RegBlock-4 + Baseline,Baseline,0.0081,603.3,15.97,+15.97
2k_0p52.mtx,8,RegBlock-8 + Baseline,Baseline,0.0086,567.1,10.61,+10.61
2k_0p52.mtx,8,Prefetch-8 + Baseline,Baseline,0.0097,503.3,-0.72,-0.72
2k_0p52.mtx,8,Prefetch-16 + Baseline,Baseline,0.0098,497.8,-1.83,-1.83
2k_0p52.mtx,8,RegBlock4 + Prefetch8,Combined,0.0085,574.6,11.78,+11.78
2k_0p52.mtx,8,RegBlock4 + Prefetch16,Combined,0.0086,565.5,10.37,+10.37
2k_0p52.mtx,8,RegBlock8 + Prefetch8,Combined,0.0086,567.5,10.67,+10.67
2k_0p52.mtx,16,Prefetch-8 + Baseline,Baseline,0.0097,505.0,-4.51,-4.51
2k_0p52.mtx,16,RegBlock8 + Prefetch8,Combined,0.0111,442.0,-19.39,-19.39
2k_0p52.mtx,24,RegBlock-4 + Baseline,Baseline,0.0109,448.0,-0.93,-0.93
2k_0p52.mtx,24,Prefetch-8 + Baseline,Baseline,0.0110,444.2,-1.80,-1.80
2k_0p52.mtx,24,RegBlock8 + Prefetch8,Combined,0.0108,449.9,-0.52,-0.52
30k_0p05.mtx,2,RegBlock-4 + Baseline,Baseline,0.1902,5996.4,13.48,+13.48
30k_0p05.mtx,2,Prefetch-8 + Baseline,Baseline,0.2605,4378.6,-18.48,-18.48
30k_0p05.mtx,2,Prefetch-16 + Baseline,Baseline,0.2288,4985.6,-4.06,-4.06
30k_0p05.mtx,2,RegBlock8 + Prefetch8,Combined,0.2317,4923.2,-5.38,-5.38
30k_0p05.mtx,4,RegBlock-4 + Baseline,Baseline,0.1040,10967.5,20.22,+20.22
30k_0p05.mtx,4,RegBlock-8 + Baseline,Baseline,0.1170,9754.8,10.30,+10.30
30k_0p05.mtx,4,Prefetch-8 + Baseline,Baseline,0.1367,8348.0,-4.82,-4.82
30k_0p05.mtx,4,RegBlock4 + Prefetch8,Combined,0.1161,9827.2,10.96,+10.96
30k_0p05.mtx,4,RegBlock4 + Prefetch16,Combined,0.1109,10289.9,14.96,+14.96
30k_0p05.mtx,8,RegBlock-4 + Baseline,Baseline,0.0629,18136.3,16.25,+16.25
30k_0p05.mtx,8,Prefetch-8 + Baseline,Baseline,0.0825,13834.1,-9.79,-9.79
30k_0p05.mtx,8,RegBlock4 + Prefetch16,Combined,0.0653,17464.3,13.03,+13.03
30k_0p05.mtx,16,RegBlock-4 + Baseline,Baseline,0.0458,24892.1,11.39,+11.39
30k_0p05.mtx,16,Prefetch-8 + Baseline,Baseline,0.0538,21203.8,-4.02,-4.02
30k_0p05.mtx,24,RegBlock-4 + Baseline,Baseline,0.0320,35653.8,10.80,+10.80
30k_0p05.mtx,24,Prefetch-8 + Baseline,Baseline,0.0376,30385.4,-4.67,-4.67
40k_0p02.mtx,2,RegBlock-4 + Baseline,Baseline,0.3588,5746.7,-26.11,-26.11
40k_0p02.mtx,2,RegBlock-8 + Baseline,Baseline,0.3651,5647.6,-28.33,-28.33
40k_0p02.mtx,2,Prefetch-8 + Baseline,Baseline,0.3842,5366.9,-35.04,-35.04
40k_0p02.mtx,2,Prefetch-16 + Baseline,Baseline,0.3704,5566.6,-30.19,-30.19
40k_0p02.mtx,2,RegBlock4 + Prefetch8,Combined,0.3728,5530.7,-31.04,-31.04
40k_0p02.mtx,2,RegBlock4 + Prefetch16,Combined,0.3661,5631.8,-28.69,-28.69
40k_0p02.mtx,2,RegBlock8 + Prefetch8,Combined,0.3798,5429.1,-33.49,-33.49
40k_0p02.mtx,4,RegBlock-4 + Baseline,Baseline,0.1757,11677.1,-17.15,-17.15
40k_0p02.mtx,4,RegBlock-8 + Baseline,Baseline,0.1827,11229.8,-21.81,-21.81
40k_0p02.mtx,4,Prefetch-8 + Baseline,Baseline,0.1950,10523.3,-29.99,-29.99
40k_0p02.mtx,4,Prefetch-16 + Baseline,Baseline,0.1888,10868.3,-25.86,-25.86
40k_0p02.mtx,4,RegBlock4 + Prefetch8,Combined,0.1852,11075.7,-23.51,-23.51
40k_0p02.mtx,4,RegBlock4 + Prefetch16,Combined,0.1832,11201.5,-22.12,-22.12
40k_0p02.mtx,4,RegBlock8 + Prefetch8,Combined,0.1889,10861.5,-25.94,-25.94
40k_0p02.mtx,8,RegBlock-8 + Baseline,Baseline,0.1013,20393.3,-8.51,-8.51
40k_0p02.mtx,8,Prefetch-8 + Baseline,Baseline,0.1087,19000.7,-16.46,-16.46
40k_0p02.mtx,8,Prefetch-16 + Baseline,Baseline,0.1047,19730.4,-12.15,-12.15
40k_0p02.mtx,8,RegBlock4 + Prefetch8,Combined,0.0988,20900.1,-5.88,-5.88
40k_0p02.mtx,8,RegBlock4 + Prefetch16,Combined,0.0960,21518.2,-2.84,-2.84
40k_0p02.mtx,8,RegBlock8 + Prefetch8,Combined,0.0974,21205.8,-4.35,-4.35
40k_0p02.mtx,16,RegBlock-8 + Baseline,Baseline,0.0526,39670.1,-8.33,-8.33
40k_0p02.mtx,16,Prefetch-8 + Baseline,Baseline,0.0600,34769.9,-23.60,-23.60
40k_0p02.mtx,16,Prefetch-16 + Baseline,Baseline,0.0546,38175.6,-12.58,-12.58
40k_0p02.mtx,24,RegBlock-4 + Baseline,Baseline,0.0318,65634.2,13.70,+13.70
40k_0p02.mtx,24,RegBlock-8 + Baseline,Baseline,0.0376,55584.7,-1.90,-1.90
40k_0p02.mtx,24,Prefetch-8 + Baseline,Baseline,0.0426,49095.0,-15.37,-15.37
40k_0p02.mtx,24,Prefetch-16 + Baseline,Baseline,0.0408,51252.0,-10.51,-10.51
5k_9p37.mtx,2,RegBlock-4 + Baseline,Baseline,0.8322,39.2,46.44,+46.44
5k_9p37.mtx,2,RegBlock-8 + Baseline,Baseline,0.8452,38.6,45.60,+45.60
5k_9p37.mtx,2,Prefetch-8 + Baseline,Baseline,1.5908,20.5,-2.39,-2.39
5k_9p37.mtx,2,Prefetch-16 + Baseline,Baseline,1.5804,20.7,-1.71,-1.71
5k_9p37.mtx,2,RegBlock4 + Prefetch8,Combined,1.2201,26.8,21.47,+21.47
5k_9p37.mtx,2,RegBlock4 + Prefetch16,Combined,1.2208,26.7,21.43,+21.43
5k_9p37.mtx,2,RegBlock8 + Prefetch8,Combined,1.2641,25.8,18.64,+18.64
5k_9p37.mtx,4,RegBlock-4 + Baseline,Baseline,0.4364,82.2,47.11,+47.11
5k_9p37.mtx,4,RegBlock-8 + Baseline,Baseline,0.4399,81.6,46.70,+46.70
5k_9p37.mtx,4,Prefetch-8 + Baseline,Baseline,0.8416,42.6,-1.99,-1.99
5k_9p37.mtx,4,Prefetch-16 + Baseline,Baseline,0.8382,42.8,-1.57,-1.57
5k_9p37.mtx,4,RegBlock4 + Prefetch8,Combined,0.4821,74.4,41.59,+41.59
5k_9p37.mtx,4,RegBlock4 + Prefetch16,Combined,0.4783,75.0,42.05,+42.05
5k_9p37.mtx,4,RegBlock8 + Prefetch8,Combined,0.4551,78.8,44.85,+44.85
5k_9p37.mtx,8,RegBlock-4 + Baseline,Baseline,0.2599,143.4,45.21,+45.21
5k_9p37.mtx,8,RegBlock-8 + Baseline,Baseline,0.2674,139.4,43.64,+43.64
5k_9p37.mtx,8,Prefetch-8 + Baseline,Baseline,0.4816,77.4,-1.51,-1.51
5k_9p37.mtx,8,Prefetch-16 + Baseline,Baseline,0.4792,77.8,-1.01,-1.01
5k_9p37.mtx,8,RegBlock4 + Prefetch8,Combined,0.2833,131.6,40.27,+40.27
5k_9p37.mtx,8,RegBlock4 + Prefetch16,Combined,0.2856,130.5,39.79,+39.79
5k_9p37.mtx,8,RegBlock8 + Prefetch8,Combined,0.2737,136.2,42.32,+42.32
5k_9p37.mtx,16,RegBlock-4 + Baseline,Baseline,0.2034,169.5,36.17,+36.17
5k_9p37.mtx,16,RegBlock-8 + Baseline,Baseline,0.1981,173.9,37.81,+37.81
5k_9p37.mtx,16,Prefetch-8 + Baseline,Baseline,0.3242,106.3,-1.75,-1.75
5k_9p37.mtx,16,Prefetch-16 + Baseline,Baseline,0.3229,106.7,-1.35,-1.35
5k_9p37.mtx,16,RegBlock4 + Prefetch8,Combined,0.2162,159.4,32.13,+32.13
5k_9p37.mtx,16,RegBlock4 + Prefetch16,Combined,0.2198,156.8,31.02,+31.02
5k_9p37.mtx,16,RegBlock8 + Prefetch8,Combined,0.2081,165.6,34.69,+34.69
5k_9p37.mtx,24,RegBlock-4 + Baseline,Baseline,0.3224,116.2,17.85,+17.85
5k_9p37.mtx,24,RegBlock-8 + Baseline,Baseline,0.3226,116.1,17.81,+17.81
5k_9p37.mtx,24,Prefetch-8 + Baseline,Baseline,0.3959,94.6,-0.87,-0.87
5k_9p37.mtx,24,Prefetch-16 + Baseline,Baseline,0.4084,91.7,-4.06,-4.06
5k_9p37.mtx,24,RegBlock4 + Prefetch8,Combined,0.3304,113.4,15.82,+15.82
5k_9p37.mtx,24,RegBlock4 + Prefetch16,Combined,0.3196,117.2,18.57,+18.57
5k_9p37.mtx,24,RegBlock8 + Prefetch8,Combined,0.3259,115.0,16.97,+16.97
6k_6p3.mtx,2,RegBlock-4 + Baseline,Baseline,0.6676,67.5,52.55,+52.55
6k_6p3.mtx,2,RegBlock-8 + Baseline,Baseline,0.6728,67.0,52.18,+52.18
6k_6p3.mtx,2,Prefetch-8 + Baseline,Baseline,1.4253,31.6,-1.30,-1.30
6k_6p3.mtx,2,Prefetch-16 + Baseline,Baseline,1.4162,31.8,-0.65,-0.65
6k_6p3.mtx,2,RegBlock4 + Prefetch8,Combined,0.7485,60.2,46.81,+46.81
6k_6p3.mtx,2,RegBlock4 + Prefetch16,Combined,0.7438,60.6,47.14,+47.14
6k_6p3.mtx,2,RegBlock8 + Prefetch8,Combined,0.6986,64.5,50.35,+50.35
6k_6p3.mtx,4,RegBlock-4 + Baseline,Baseline,0.3397,136.5,52.60,+52.60
6k_6p3.mtx,4,RegBlock-8 + Baseline,Baseline,0.3405,136.2,52.50,+52.50
6k_6p3.mtx,4,Prefetch-8 + Baseline,Baseline,0.7210,64.3,-0.61,-0.61
6k_6p3.mtx,4,Prefetch-16 + Baseline,Baseline,0.7175,64.6,-0.11,-0.11
6k_6p3.mtx,4,RegBlock4 + Prefetch8,Combined,0.3804,121.9,46.92,+46.92
6k_6p3.mtx,4,RegBlock4 + Prefetch16,Combined,0.3776,122.8,47.31,+47.31
6k_6p3.mtx,4,RegBlock8 + Prefetch8,Combined,0.3570,129.9,50.18,+50.18
6k_6p3.mtx,8,RegBlock-4 + Baseline,Baseline,0.1742,274.6,52.05,+52.05
6k_6p3.mtx,8,RegBlock-8 + Baseline,Baseline,0.1753,273.0,51.76,+51.76
6k_6p3.mtx,8,Prefetch-8 + Baseline,Baseline,0.3645,131.3,-0.31,-0.31
6k_6p3.mtx,8,RegBlock4 + Prefetch8,Combined,0.1944,246.1,46.49,+46.49
6k_6p3.mtx,8,RegBlock4 + Prefetch16,Combined,0.1939,246.8,46.65,+46.65
6k_6p3.mtx,8,RegBlock8 + Prefetch8,Combined,0.1830,261.5,49.65,+49.65
6k_6p3.mtx,16,RegBlock-4 + Baseline,Baseline,0.0888,535.6,52.75,+52.75
6k_6p3.mtx,16,RegBlock-8 + Baseline,Baseline,0.0888,535.6,52.74,+52.74
6k_6p3.mtx,16,RegBlock4 + Prefetch8,Combined,0.1009,471.3,46.30,+46.30
6k_6p3.mtx,16,RegBlock4 + Prefetch16,Combined,0.0999,475.7,46.80,+46.80
6k_6p3.mtx,16,RegBlock8 + Prefetch8,Combined,0.0948,501.3,49.51,+49.51
6k_6p3.mtx,24,RegBlock-4 + Baseline,Baseline,0.0610,790.2,52.98,+52.98
6k_6p3.mtx,24,RegBlock-8 + Baseline,Baseline,0.0621,776.3,52.13,+52.13
6k_6p3.mtx,24,Prefetch-16 + Baseline,Baseline,0.1300,370.8,-0.21,-0.21
6k_6p3.mtx,24,RegBlock4 + Prefetch8,Combined,0.0701,687.8,45.97,+45.97
6k_6p3.mtx,24,RegBlock4 + Prefetch16,Combined,0.0697,691.1,46.23,+46.23
6k_6p3.mtx,24,RegBlock8 + Prefetch8,Combined,0.0651,739.8,49.77,+49.77
9k_0p77.mtx,2,RegBlock-4 + Baseline,Baseline,0.1927,490.4,38.56,+38.56
9k_0p77.mtx,2,RegBlock-8 + Baseline,Baseline,0.2036,464.3,35.10,+35.10
9k_0p77.mtx,2,Prefetch-8 + Baseline,Baseline,0.3669,257.6,-16.95,-16.95
9k_0p77.mtx,2,Prefetch-16 + Baseline,Baseline,0.3509,269.4,-11.85,-11.85
9k_0p77.mtx,2,RegBlock4 + Prefetch8,Combined,0.2169,435.9,30.87,+30.87
9k_0p77.mtx,2,RegBlock4 + Prefetch16,Combined,0.2130,443.8,32.11,+32.11
9k_0p77.mtx,2,RegBlock8 + Prefetch8,Combined,0.2122,445.4,32.35,+32.35
9k_0p77.mtx,4,RegBlock-4 + Baseline,Baseline,0.1023,932.0,38.61,+38.61
9k_0p77.mtx,4,RegBlock-8 + Baseline,Baseline,0.1077,884.9,35.34,+35.34
9k_0p77.mtx,4,Prefetch-8 + Baseline,Baseline,0.1907,500.0,-14.44,-14.44
9k_0p77.mtx,4,Prefetch-16 + Baseline,Baseline,0.1832,520.3,-9.97,-9.97
9k_0p77.mtx,4,RegBlock4 + Prefetch8,Combined,0.1144,832.9,31.30,+31.30
9k_0p77.mtx,4,RegBlock4 + Prefetch16,Combined,0.1117,853.1,32.93,+32.93
9k_0p77.mtx,4,RegBlock8 + Prefetch8,Combined,0.1124,847.9,32.51,+32.51
9k_0p77.mtx,8,RegBlock-4 + Baseline,Baseline,0.0559,1714.4,36.94,+36.94
9k_0p77.mtx,8,RegBlock-8 + Baseline,Baseline,0.0580,1652.5,34.58,+34.58
9k_0p77.mtx,8,Prefetch-8 + Baseline,Baseline,0.1016,943.3,-14.60,-14.60
9k_0p77.mtx,8,Prefetch-16 + Baseline,Baseline,0.0987,971.0,-11.33,-11.33
9k_0p77.mtx,8,RegBlock4 + Prefetch8,Combined,0.0630,1520.7,28.91,+28.91
9k_0p77.mtx,8,RegBlock4 + Prefetch16,Combined,0.0618,1551.3,30.31,+30.31
9k_0p77.mtx,8,RegBlock8 + Prefetch8,Combined,0.0611,1569.0,31.10,+31.10
9k_0p77.mtx,16,Prefetch-8 + Baseline,Baseline,0.0960,1043.0,-36.27,-36.27
9k_0p77.mtx,16,Prefetch-16 + Baseline,Baseline,0.1004,996.9,-42.58,-42.58
9k_0p77.mtx,16,RegBlock4 + Prefetch8,Combined,0.0816,1227.3,-15.81,-15.81
9k_0p77.mtx,16,RegBlock4 + Prefetch16,Combined,0.0743,1347.8,-5.45,-5.45
9k_0p77.mtx,24,RegBlock-4 + Baseline,Baseline,0.0382,2511.6,17.18,+17.18
9k_0p77.mtx,24,RegBlock-8 + Baseline,Baseline,0.0520,1842.3,-12.91,-12.91
9k_0p77.mtx,24,Prefetch-8 + Baseline,Baseline,0.0786,1219.7,-70.54,-70.54
9k_0p77.mtx,24,Prefetch-16 + Baseline,Baseline,0.0761,1258.9,-65.22,-65.22
9k_0p77.mtx,24,RegBlock4 + Prefetch8,Combined,0.0485,1977.1,-5.21,-5.21
9k_0p77.mtx,24,RegBlock4 + Prefetch16,Combined,0.0546,1755.4,-18.50,-18.50
9k_0p77.mtx,24,RegBlock8 + Prefetch8,Combined,0.0551,1738.2,-19.67,-19.67
